{"cameraMode":{"drawMode":0,"name":"Shaded","section":"Shading Mode"},"sceneLighting":true,"audioPlay":false,"sceneViewState":{"m_AlwaysRefresh":false,"showFog":true,"showSkybox":true,"showFlares":true,"showImageEffects":true,"showParticleSystems":true,"showVisualEffectGraphs":true,"m_FxEnabled":true},"in2DMode":false,"pivot":{"x":0.732780933380127,"y":0.26618945598602297,"z":-7.343660831451416},"rotation":{"x":0.020371276885271074,"y":0.9599230289459229,"z":-0.07242848724126816,"w":0.2699821889400482},"size":4.187699794769287,"orthographic":false}