{"cameraMode":{"drawMode":0,"name":"Shaded","section":"Shading Mode"},"sceneLighting":true,"audioPlay":false,"sceneViewState":{"m_AlwaysRefresh":false,"showFog":true,"showSkybox":true,"showFlares":true,"showImageEffects":true,"showParticleSystems":true,"showVisualEffectGraphs":true,"m_FxEnabled":true},"in2DMode":false,"pivot":{"x":-1.454060673713684,"y":-4.414971351623535,"z":-24.172977447509767},"rotation":{"x":0.023502495139837266,"y":0.9741313457489014,"z":-0.12073156237602234,"w":0.18959562480449677},"size":8.853978157043457,"orthographic":false}