{"cameraMode":{"drawMode":0,"name":"Shaded","section":"Shading Mode"},"sceneLighting":false,"audioPlay":false,"sceneViewState":{"m_AlwaysRefresh":false,"showFog":true,"showSkybox":true,"showFlares":true,"showImageEffects":true,"showParticleSystems":true,"showVisualEffectGraphs":true,"m_FxEnabled":true},"in2DMode":false,"pivot":{"x":1043.902587890625,"y":567.4617309570313,"z":-5.313262939453125},"rotation":{"x":-0.0000467662321170792,"y":0.9992271661758423,"z":0.0011894524795934558,"w":0.039290811866521838},"size":163.63929748535157,"orthographic":false}