{"cameraMode":{"drawMode":0,"name":"Shaded","section":"Shading Mode"},"sceneLighting":false,"audioPlay":false,"sceneViewState":{"m_AlwaysRefresh":false,"showFog":true,"showSkybox":true,"showFlares":true,"showImageEffects":true,"showParticleSystems":true,"showVisualEffectGraphs":true,"m_FxEnabled":true},"in2DMode":false,"pivot":{"x":1089.0484619140625,"y":552.6235961914063,"z":136.87184143066407},"rotation":{"x":-0.08420595526695252,"y":0.009563032537698746,"z":-0.0008081644191406667,"w":-0.9964026212692261},"size":534.2428588867188,"orthographic":false}