{"cameraMode":{"drawMode":0,"name":"Shaded","section":"Shading Mode"},"sceneLighting":false,"audioPlay":false,"sceneViewState":{"m_AlwaysRefresh":false,"showFog":true,"showSkybox":true,"showFlares":true,"showImageEffects":true,"showParticleSystems":true,"showVisualEffectGraphs":true,"m_FxEnabled":true},"in2DMode":false,"pivot":{"x":-106.50169372558594,"y":-39.24111557006836,"z":-69.78997039794922},"rotation":{"x":-0.08265401422977448,"y":-0.03826157748699188,"z":0.0031757259275764229,"w":-0.9958379864692688},"size":120.52619934082031,"orthographic":false}